<?xml version="1.0" encoding="UTF-8"?>
<project-private xmlns="http://www.netbeans.org/ns/project-private/1">
    <editor-bookmarks xmlns="http://www.netbeans.org/ns/editor-bookmarks/2" lastBookmarkId="0"/>
    <open-files xmlns="http://www.netbeans.org/ns/projectui-open-files/2">
        <group>
            <file>file:/C:/xampp/htdocs/abocarz_admin/model/login/login.php</file>
            <file>file:/C:/xampp/htdocs/abocarz_admin/view/category/category.php</file>
            <file>file:/C:/xampp/htdocs/abocarz_admin/view/login/login.php</file>
            <file>file:/C:/xampp/htdocs/abocarz_admin/config/config.php</file>
            <file>file:/C:/xampp/htdocs/abocarz_admin/controller/index.php</file>
            <file>file:/C:/xampp/htdocs/abocarz_admin/index.php</file>
        </group>
    </open-files>
</project-private>
